{"min": [-0.390168, -0.819723, -0.563041], "max": [0.393578, 0.682456, 0.569037]}